﻿{"1105001038":{"StartTime":1671847200,"FromType":3,"EndTime":1672790400,"Cdn":"https://www.pubgmobile.com/pictures/M18T10/REEDEM.png","Jump":"game://?module=10003&Tab1=5&itemId=1105001038","LastClickServerTime":0,"ItemID":1105001038,"Duration":60},"1406755":{"StartTime":1671501600,"FromType":3,"EndTime":1672790400,"Cdn":"https://www.pubgmobile.com/pictures/M18T10/LV0102.png","Jump":"game://?module=10003&Tab1=1&itemId=1406755","LastClickServerTime":0,"ItemID":1406755,"Duration":60},"1101003147":{"StartTime":1671501600,"FromType":3,"EndTime":1672790400,"Cdn":"https://www.pubgmobile.com/pictures/M18T10/LV40.png","Jump":"game://?module=10003&Tab1=1&itemId=1101003147","LastClickServerTime":0,"ItemID":1101003147,"Duration":60},"1103004028":{"StartTime":1671674400,"FromType":3,"EndTime":1672790400,"Cdn":"https://www.pubgmobile.com/pictures/M18T10/LV35.png","Jump":"game://?module=10003&Tab1=1&itemId=1103004028","LastClickServerTime":0,"ItemID":1103004028,"Duration":60},"1406667":{"StartTime":1671847200,"FromType":3,"EndTime":1672790400,"Cdn":"https://www.pubgmobile.com/pictures/M18T10/REEDEM02.png","Jump":"game://?module=10003&Tab1=5&itemId=1406667","LastClickServerTime":0,"ItemID":1406667,"Duration":60},"1406666":{"StartTime":1671501600,"FromType":3,"EndTime":1672790400,"Cdn":"https://www.pubgmobile.com/pictures/M18T10/LV50.png","Jump":"game://?module=10003&Tab1=1&itemId=1406666","LastClickServerTime":0,"ItemID":1406666,"Duration":60},"LoginTime":1672507856,"1103011009":{"StartTime":1671501600,"FromType":3,"EndTime":1672790400,"Cdn":"https://www.pubgmobile.com/pictures/M18T10/LV01.png","Jump":"game://?module=10003&Tab1=1&itemId=1103011009","LastClickServerTime":0,"ItemID":1103011009,"Duration":60},"1400228":{"StartTime":1672020000,"FromType":3,"EndTime":1672790400,"Cdn":"https://www.pubgmobile.com/pictures/M18T10/BOX.png","Jump":"game://?module=10003&Tab1=2&Subtab=0","LastClickServerTime":0,"ItemID":1400228,"Duration":60},"HaveShowBubbleNum":2}