﻿{"1406666":{"EndTime":1672790400,"StartTime":1671501600,"Duration":60,"ItemID":1406666,"LastClickServerTime":0,"FromType":3,"Jump":"game://?module=10003&Tab1=1&itemId=1406666","Cdn":"https://www.pubgmobile.com/pictures/M18T10/LV50.png"},"1103004028":{"EndTime":1672790400,"StartTime":1671674400,"Duration":60,"ItemID":1103004028,"LastClickServerTime":0,"FromType":3,"Jump":"game://?module=10003&Tab1=1&itemId=1103004028","Cdn":"https://www.pubgmobile.com/pictures/M18T10/LV35.png"},"HaveShowBubbleNum":3,"1101003147":{"EndTime":1672790400,"StartTime":1671501600,"Duration":60,"ItemID":1101003147,"LastClickServerTime":0,"FromType":3,"Jump":"game://?module=10003&Tab1=1&itemId=1101003147","Cdn":"https://www.pubgmobile.com/pictures/M18T10/LV40.png"},"LoginTime":1672471656,"1105001038":{"EndTime":1672790400,"StartTime":1671847200,"Duration":60,"ItemID":1105001038,"LastClickServerTime":0,"FromType":3,"Jump":"game://?module=10003&Tab1=5&itemId=1105001038","Cdn":"https://www.pubgmobile.com/pictures/M18T10/REEDEM.png"},"1406755":{"EndTime":1672790400,"StartTime":1671501600,"Duration":60,"ItemID":1406755,"LastClickServerTime":0,"FromType":3,"Jump":"game://?module=10003&Tab1=1&itemId=1406755","Cdn":"https://www.pubgmobile.com/pictures/M18T10/LV0102.png"},"1406667":{"EndTime":1672790400,"StartTime":1671847200,"Duration":60,"ItemID":1406667,"LastClickServerTime":0,"FromType":3,"Jump":"game://?module=10003&Tab1=5&itemId=1406667","Cdn":"https://www.pubgmobile.com/pictures/M18T10/REEDEM02.png"},"1400228":{"EndTime":1672790400,"StartTime":1672020000,"Duration":60,"ItemID":1400228,"LastClickServerTime":0,"FromType":3,"Jump":"game://?module=10003&Tab1=2&Subtab=0","Cdn":"https://www.pubgmobile.com/pictures/M18T10/BOX.png"},"1103011009":{"EndTime":1672790400,"StartTime":1671501600,"Duration":60,"ItemID":1103011009,"LastClickServerTime":0,"FromType":3,"Jump":"game://?module=10003&Tab1=1&itemId=1103011009","Cdn":"https://www.pubgmobile.com/pictures/M18T10/LV01.png"}}