﻿{"1103011009":{"Cdn":"https://www.pubgmobile.com/pictures/M18T10/LV01.png","StartTime":1671501600,"LastClickServerTime":0,"FromType":3,"EndTime":1672790400,"Duration":60,"Jump":"game://?module=10003&Tab1=1&itemId=1103011009","ItemID":1103011009},"LoginTime":1672482195,"1400228":{"Cdn":"https://www.pubgmobile.com/pictures/M18T10/BOX.png","StartTime":1672020000,"LastClickServerTime":0,"FromType":3,"EndTime":1672790400,"Duration":60,"Jump":"game://?module=10003&Tab1=2&Subtab=0","ItemID":1400228},"1406667":{"Cdn":"https://www.pubgmobile.com/pictures/M18T10/REEDEM02.png","StartTime":1671847200,"LastClickServerTime":0,"FromType":3,"EndTime":1672790400,"Duration":60,"Jump":"game://?module=10003&Tab1=5&itemId=1406667","ItemID":1406667},"1105001038":{"Cdn":"https://www.pubgmobile.com/pictures/M18T10/REEDEM.png","StartTime":1671847200,"LastClickServerTime":0,"FromType":3,"EndTime":1672790400,"Duration":60,"Jump":"game://?module=10003&Tab1=5&itemId=1105001038","ItemID":1105001038},"1101003147":{"Cdn":"https://www.pubgmobile.com/pictures/M18T10/LV40.png","StartTime":1671501600,"LastClickServerTime":0,"FromType":3,"EndTime":1672790400,"Duration":60,"Jump":"game://?module=10003&Tab1=1&itemId=1101003147","ItemID":1101003147},"1103004028":{"Cdn":"https://www.pubgmobile.com/pictures/M18T10/LV35.png","StartTime":1671674400,"LastClickServerTime":0,"FromType":3,"EndTime":1672790400,"Duration":60,"Jump":"game://?module=10003&Tab1=1&itemId=1103004028","ItemID":1103004028},"1406666":{"Cdn":"https://www.pubgmobile.com/pictures/M18T10/LV50.png","StartTime":1671501600,"LastClickServerTime":0,"FromType":3,"EndTime":1672790400,"Duration":60,"Jump":"game://?module=10003&Tab1=1&itemId=1406666","ItemID":1406666},"1406755":{"Cdn":"https://www.pubgmobile.com/pictures/M18T10/LV0102.png","StartTime":1671501600,"LastClickServerTime":0,"FromType":3,"EndTime":1672790400,"Duration":60,"Jump":"game://?module=10003&Tab1=1&itemId=1406755","ItemID":1406755},"HaveShowBubbleNum":3}