﻿{"uid":"5106412216","msgList":[{"selfMsg":true,"version":"2.3.1.16951","msgSendDate":"2022/12/31","send_time":1672475149,"msg":"rgW64wXPih371Bq63gW62gL74sb71AXO0gvMigP73gnCpMbmzxqB2MbK1gfTihrJzQvO0gvMl6--","uid":"5106412216","msgSendTime":"16:25","msgType":0,"name":"PESULAPīUDIN","sender_uid":"51689567664","roleNation":"ID","msgChannel":4,"roomId":"","level":244},{"selfMsg":false,"version":"2.3.1.16951","send_time":1672475153,"uid":"5106412216","msg":"wPnPyQn/2RnA3wK6uAvNzxjQyxrD1QT3if370xq6zAXMigP/igfIzcbRzs3G1cbOzwfHihvKl6--","msgChannel":4,"msgType":0,"name":"TïKkã","sender_uid":"5106412216","roleNation":"ID","roomId":"","level":245},{"selfMsg":false,"version":"2.3.1.16951","uid":"5106412216","zoneText":"Asia","msgChannel":4,"send_time":1672476182,"msgSendTime":"16:43","msgType":0,"name":"TïKkã","sender_uid":"5106412216","roleNation":"ID","msgSendDate":"2022/12/31","msg":"vg7/ihj/2RvG3hm6yxj/igj/0wTBign71gnP1gfOzwqIie/Oih3J183Oigj/igLJ1A2I","level":243}]}