﻿{"uid":"5107982214","msgList":[{"version":"2.3.1.16951","selfMsg":true,"roleNation":"ID","send_time":1672471991,"msg":"3g/7","name":"PESULAPīUDIN","msgType":0,"uid":"5107982214","msgSendDate":"2022/12/31","msgChannel":4,"msgSendTime":"15:33","sender_uid":"51689567664","level":117,"zoneText":"Asia"},{"version":"2.3.1.16951","selfMsg":true,"roleNation":"ID","send_time":1672472002,"msg":"2Q/83wG6zQeZ","name":"PESULAPīUDIN","msgType":0,"uid":"5107982214","msgSendDate":"2022/12/31","msgChannel":4,"msgSendTime":"","sender_uid":"51689567664","level":124,"zoneText":"Asia"}]}