﻿{"uid":"51320193273","msgList":[{"level":64,"msg":"yQe-","roleNation":"ID","version":"2.3.1.16951","msgChannel":4,"msgSendDate":"2022/12/31","selfMsg":true,"name":"PESULAPīUDIN","uid":"51320193273","msgSendTime":"18:20","msgType":0,"send_time":1672482040,"zoneText":"Asia","sender_uid":"51689567664"},{"level":66,"msg":"3x/T","roleNation":"ID","version":"2.3.1.16951","msgChannel":4,"msgSendDate":"2022/12/31","selfMsg":true,"name":"PESULAPīUDIN","uid":"51320193273","msgSendTime":"","msgType":0,"send_time":1672482045,"zoneText":"Asia","sender_uid":"51689567664"}]}