﻿{"msgList":[{"version":"2.3.1.16951","sender_uid":"51333999753","msgSendDate":"2022/12/31","zoneText":"Asia","send_time":1672489353,"selfMsg":true,"roleNation":"ID","name":"MOVįSESAD٭","uid":"51375507888","msgChannel":4,"msg":"yQe-","msgSendTime":"20:22","level":80,"msgType":0},{"version":"2.3.1.16951","sender_uid":"51333999753","msgSendDate":"2022/12/31","zoneText":"Asia","send_time":1672489361,"selfMsg":true,"roleNation":"ID","name":"MOVįSESAD٭","uid":"51375507888","msgChannel":4,"msg":"yxb7ig/+ihrD0RrJ0QPPpK--","msgSendTime":"","level":84,"msgType":0},{"version":"2.3.1.16951","sender_uid":"51333999753","msgSendDate":"2022/12/31","zoneText":"Asia","send_time":1672489369,"selfMsg":true,"roleNation":"ID","name":"MOVįSESAD٭","uid":"51375507888","msgChannel":4,"msg":"1wfPieHPigf+za--","msgSendTime":"","level":89,"msgType":0},{"version":"2.3.1.16951","sender_uid":"51375507888","msgSendDate":"2022/12/31","zoneText":"Asia","send_time":1672489374,"selfMsg":false,"roleNation":"ID","name":"IJENGįSESAD٭","uid":"51375507888","msgChannel":4,"msg":"rfvM0wD/1A3pua--","msgSendTime":"","level":94,"msgType":0},{"version":"2.3.1.16951","sender_uid":"51333999753","msgSendDate":"2022/12/31","zoneText":"Asia","send_time":1672489383,"selfMsg":true,"roleNation":"ID","name":"MOVįSESAD٭","uid":"51375507888","msgChannel":4,"msg":"0Q/M0wO63gvGzsbRzw6-","msgSendTime":"","level":99,"msgType":0},{"version":"2.3.1.16951","sender_uid":"51333999753","msgSendDate":"2022/12/31","zoneText":"Asia","send_time":1672489396,"selfMsg":true,"roleNation":"ID","name":"MOVįSESAD٭","uid":"51375507888","msgChannel":4,"msg":"zw7CigfN3gfBywf7ywe62gfF","msgSendTime":"","level":105,"msgType":0},{"version":"2.3.1.16951","sender_uid":"51333999753","msgSendDate":"2022/12/31","zoneText":"Asia","send_time":1672489403,"selfMsg":true,"roleNation":"ID","name":"MOVįSESAD٭","uid":"51375507888","msgChannel":4,"msg":"2QfGyw661RjBigfF3sbR0QHR0R3F3QHR0R3F3QHR0R2-","msgSendTime":"","level":109,"msgType":0},{"version":"2.3.1.16951","sender_uid":"51375507888","msgSendDate":"2022/12/31","zoneText":"Asia","send_time":1672489415,"selfMsg":false,"roleNation":"ID","name":"IJENGįSESAD٭","uid":"51375507888","msgChannel":4,"msg":"qx3F3QHR3QG-","msgSendTime":"","level":116,"msgType":0}],"uid":"51375507888"}